{
  "dataset_source": "hf",
  "dataset_name": "trivia_qa_split",
  "dataset_mode": null,
  "dataset_dir": null,
  "start_idx": 0,
  "num_samples_eval": 100,
  "methods": [
    "lexical_similarity",
    "mean_token_entropy",
    "monte_carlo_sequence_entropy",
    "p_true",
    "perplexity",
    "self_certainty",
    "sequence_log_probability"
  ],
  "metrics": {
    "lexical_similarity": {
      "n_valid": 100,
      "n_error": 26,
      "n_correct": 74,
      "auroc": 0.7141372141372142,
      "auprc": 0.4834182342061942
    },
    "mean_token_entropy": {
      "n_valid": 100,
      "n_error": 26,
      "n_correct": 74,
      "auroc": 0.7167359667359667,
      "auprc": 0.5038950558369593
    },
    "monte_carlo_sequence_entropy": {
      "n_valid": 100,
      "n_error": 26,
      "n_correct": 74,
      "auroc": 0.7141372141372141,
      "auprc": 0.4899645269099959
    },
    "p_true": {
      "n_valid": 100,
      "n_error": 26,
      "n_correct": 74,
      "auroc": 0.7523388773388773,
      "auprc": 0.4682840634505241
    },
    "perplexity": {
      "n_valid": 100,
      "n_error": 26,
      "n_correct": 74,
      "auroc": 0.7068607068607069,
      "auprc": 0.48701762153547123
    },
    "self_certainty": {
      "n_valid": 100,
      "n_error": 26,
      "n_correct": 74,
      "auroc": 0.6683991683991684,
      "auprc": 0.46629097078141146
    },
    "sequence_log_probability": {
      "n_valid": 100,
      "n_error": 26,
      "n_correct": 74,
      "auroc": 0.7068607068607069,
      "auprc": 0.48701762153547123
    }
  }
}