{
  "dataset_source": "jsonl",
  "dataset_name": "all",
  "dataset_mode": "original",
  "dataset_dir": "/root/paddlejob/workspace/env_run/ueval/examples/augmented_benchmark",
  "start_idx": 0,
  "num_samples_eval": 35081,
  "methods": [
    "eigenscore",
    "lexical_similarity",
    "mean_token_entropy",
    "monte_carlo_sequence_entropy",
    "p_true",
    "perplexity",
    "self_certainty",
    "sequence_log_probability"
  ],
  "metrics": {
    "eigenscore": {
      "n_valid": 35081,
      "n_error": 11838,
      "n_correct": 23243,
      "auroc": 0.6170165248465318,
      "auprc": 0.3951218074811379
    },
    "lexical_similarity": {
      "n_valid": 35081,
      "n_error": 11838,
      "n_correct": 23243,
      "auroc": 0.7179914802595003,
      "auprc": 0.5404714776153403
    },
    "mean_token_entropy": {
      "n_valid": 35081,
      "n_error": 11838,
      "n_correct": 23243,
      "auroc": 0.7641313176112834,
      "auprc": 0.5861865982540089
    },
    "monte_carlo_sequence_entropy": {
      "n_valid": 35081,
      "n_error": 11838,
      "n_correct": 23243,
      "auroc": 0.7489883468703908,
      "auprc": 0.5690944594709979
    },
    "p_true": {
      "n_valid": 35081,
      "n_error": 11838,
      "n_correct": 23243,
      "auroc": 0.7790140036529954,
      "auprc": 0.5772454912136266
    },
    "perplexity": {
      "n_valid": 35081,
      "n_error": 11838,
      "n_correct": 23243,
      "auroc": 0.7371697424473315,
      "auprc": 0.5551796422592989
    },
    "self_certainty": {
      "n_valid": 35081,
      "n_error": 11838,
      "n_correct": 23243,
      "auroc": 0.7804519778064548,
      "auprc": 0.6072141166759947
    },
    "sequence_log_probability": {
      "n_valid": 35081,
      "n_error": 11838,
      "n_correct": 23243,
      "auroc": 0.7371697424473315,
      "auprc": 0.5551796422592989
    }
  }
}